{"cameraMode":{"drawMode":0,"name":"Shaded","section":"Shading Mode"},"sceneLighting":true,"audioPlay":false,"sceneViewState":{"m_AlwaysRefresh":false,"showFog":true,"showSkybox":true,"showFlares":true,"showImageEffects":true,"showParticleSystems":true,"showVisualEffectGraphs":true,"m_FxEnabled":true},"in2DMode":false,"pivot":{"x":-10.365260124206543,"y":1.2762091159820557,"z":-1.1383066177368165},"rotation":{"x":0.013854898512363434,"y":0.6536111235618591,"z":-0.011967752128839493,"w":0.7566010355949402},"size":0.08660253882408142,"orthographic":false}