{"cameraMode":{"drawMode":0,"name":"Shaded","section":"Shading Mode"},"sceneLighting":false,"audioPlay":false,"sceneViewState":{"m_AlwaysRefresh":false,"showFog":true,"showSkybox":true,"showFlares":true,"showImageEffects":true,"showParticleSystems":true,"showVisualEffectGraphs":true,"m_FxEnabled":true},"in2DMode":false,"pivot":{"x":0.44683125615119936,"y":-0.19621041417121888,"z":-15.335761070251465},"rotation":{"x":-0.01980907842516899,"y":-0.005089844577014446,"z":0.00011513525532791391,"w":-0.9998326301574707},"size":5.431410312652588,"orthographic":false}